{
  "hash": "8adbabc4",
  "configHash": "afc00d26",
  "lockfileHash": "3347a140",
  "browserHash": "0d94811f",
  "optimized": {
    "react": {
      "src": "../../node_modules/react/index.js",
      "file": "react.js",
      "fileHash": "ec8e5c1f",
      "needsInterop": true
    },
    "react-dom/client": {
      "src": "../../node_modules/react-dom/client.js",
      "file": "react-dom_client.js",
      "fileHash": "826a1b62",
      "needsInterop": true
    },
    "@supabase/supabase-js": {
      "src": "../../node_modules/@supabase/supabase-js/dist/module/index.js",
      "file": "@supabase_supabase-js.js",
      "fileHash": "13a94035",
      "needsInterop": false
    },
    "react-dom": {
      "src": "../../node_modules/react-dom/index.js",
      "file": "react-dom.js",
      "fileHash": "d8cdb7bb",
      "needsInterop": true
    },
    "recharts": {
      "src": "../../node_modules/recharts/es6/index.js",
      "file": "recharts.js",
      "fileHash": "d8eb1413",
      "needsInterop": false
    }
  },
  "chunks": {
    "chunk-ZZLBGYQN": {
      "file": "chunk-ZZLBGYQN.js"
    },
    "chunk-65KY755N": {
      "file": "chunk-65KY755N.js"
    },
    "browser-VLKRZ7RP": {
      "file": "browser-VLKRZ7RP.js"
    },
    "chunk-C5A7FNJB": {
      "file": "chunk-C5A7FNJB.js"
    },
    "chunk-V4OQ3NZ2": {
      "file": "chunk-V4OQ3NZ2.js"
    }
  }
}